{"cameraMode":{"drawMode":0,"name":"Shaded","section":"Shading Mode"},"sceneLighting":true,"audioPlay":false,"sceneViewState":{"showFog":true,"showMaterialUpdate":false,"showSkybox":true,"showFlares":true,"showImageEffects":true,"showParticleSystems":true},"in2DMode":false,"pivot":{"x":-2.64483642578125,"y":-1.7157397270202637,"z":6.523179054260254},"rotation":{"x":-0.25206610560417178,"y":-0.1568041294813156,"z":0.04142851009964943,"w":-0.9540283679962158},"size":48.556888580322269,"orthographic":false}